Entity,Code,Year,Proportion of population covered by at least a 4G mobile network (%)
Afghanistan,AFG,2014,0
Afghanistan,AFG,2015,0
Afghanistan,AFG,2016,0
Afghanistan,AFG,2017,4
Afghanistan,AFG,2018,7
Afghanistan,AFG,2019,22
Afghanistan,AFG,2020,26
Afghanistan,AFG,2021,26
Afghanistan,AFG,2022,33.03
Afghanistan,AFG,2023,34
Algeria,DZA,2012,0
Algeria,DZA,2013,0
Algeria,DZA,2014,0
Algeria,DZA,2015,0
Algeria,DZA,2016,3.62
Algeria,DZA,2017,30.49
Algeria,DZA,2018,52.84
Algeria,DZA,2019,53.63
Algeria,DZA,2020,76.18
Algeria,DZA,2021,79.89
Algeria,DZA,2022,85.87
Algeria,DZA,2023,90.42
American Samoa,ASM,2014,0
American Samoa,ASM,2015,0
Andorra,AND,2015,50
Andorra,AND,2016,50
Andorra,AND,2017,85
Andorra,AND,2018,85
Andorra,AND,2019,85
Andorra,AND,2020,89
Andorra,AND,2021,93
Andorra,AND,2022,97
Andorra,AND,2023,98.5
Angola,AGO,2015,7
Angola,AGO,2016,8
Angola,AGO,2017,8
Angola,AGO,2018,8
Angola,AGO,2019,18
Angola,AGO,2020,30
Angola,AGO,2021,33
Angola,AGO,2022,57.9
Angola,AGO,2023,76.78
Antigua and Barbuda,ATG,2012,65
Antigua and Barbuda,ATG,2013,78.6
Antigua and Barbuda,ATG,2014,80
Antigua and Barbuda,ATG,2015,98
Antigua and Barbuda,ATG,2016,99
Antigua and Barbuda,ATG,2017,99
Antigua and Barbuda,ATG,2019,99
Antigua and Barbuda,ATG,2020,99
Antigua and Barbuda,ATG,2021,99
Antigua and Barbuda,ATG,2022,99
Argentina,ARG,2014,0
Argentina,ARG,2015,65
Argentina,ARG,2016,85
Argentina,ARG,2017,85
Argentina,ARG,2018,90.76
Argentina,ARG,2019,91.18
Argentina,ARG,2020,97.68
Argentina,ARG,2021,97.68
Argentina,ARG,2022,97.68
Argentina,ARG,2023,97.68
Armenia,ARM,2012,17.54
Armenia,ARM,2013,44
Armenia,ARM,2014,46
Armenia,ARM,2015,46.5
Armenia,ARM,2016,52.48
Armenia,ARM,2017,90.05
Armenia,ARM,2018,99.1
Armenia,ARM,2019,99.3
Armenia,ARM,2020,100
Armenia,ARM,2021,100
Armenia,ARM,2022,100
Armenia,ARM,2023,100
Aruba,ABW,2013,10
Aruba,ABW,2014,21.44
Aruba,ABW,2015,41
Aruba,ABW,2016,64.1
Aruba,ABW,2019,64.1
Aruba,ABW,2020,64.1
Aruba,ABW,2021,64.1
Aruba,ABW,2022,64.1
Asia (UN),,2015,39.83
Asia (UN),,2016,70.5
Asia (UN),,2017,84.66
Asia (UN),,2018,88.99
Asia (UN),,2019,91.16
Asia (UN),,2020,93.21
Asia (UN),,2021,93.65
Asia (UN),,2022,94.6
Asia (UN),,2023,95.84
Asia (UN),,2024,95.95
Australia,AUS,2012,52.21
Australia,AUS,2013,85
Australia,AUS,2014,95
Australia,AUS,2015,94
Australia,AUS,2016,98
Australia,AUS,2017,99
Australia,AUS,2018,99.2
Australia,AUS,2019,99.4
Australia,AUS,2020,99.5
Australia,AUS,2021,99.5
Australia,AUS,2022,99.5
Australia,AUS,2023,99.6
Australia and New Zealand (UN SDG),,2015,93.03
Australia and New Zealand (UN SDG),,2016,96.7
Australia and New Zealand (UN SDG),,2017,98.19
Australia and New Zealand (UN SDG),,2018,98.84
Australia and New Zealand (UN SDG),,2019,99.06
Australia and New Zealand (UN SDG),,2020,99.17
Australia and New Zealand (UN SDG),,2021,99.17
Australia and New Zealand (UN SDG),,2022,99.22
Australia and New Zealand (UN SDG),,2023,99.35
Australia and New Zealand (UN SDG),,2024,99.35
Austria,AUT,2012,31.57
Austria,AUT,2013,58.41
Austria,AUT,2014,85
Austria,AUT,2015,98
Austria,AUT,2016,98
Austria,AUT,2017,98
Austria,AUT,2018,98
Austria,AUT,2019,98
Austria,AUT,2020,98
Austria,AUT,2021,98
Austria,AUT,2022,98
Austria,AUT,2023,98
Azerbaijan,AZE,2012,6.68
Azerbaijan,AZE,2013,14.31
Azerbaijan,AZE,2014,49
Azerbaijan,AZE,2015,39
Azerbaijan,AZE,2016,41
Azerbaijan,AZE,2017,42
Azerbaijan,AZE,2018,49
Azerbaijan,AZE,2019,93
Azerbaijan,AZE,2020,93
Azerbaijan,AZE,2021,94
Azerbaijan,AZE,2022,94
Azerbaijan,AZE,2023,100
Bahamas,BHS,2014,35
Bahamas,BHS,2015,95
Bahamas,BHS,2016,95
Bahamas,BHS,2017,95
Bahamas,BHS,2018,95
Bahamas,BHS,2019,95
Bahamas,BHS,2020,95
Bahamas,BHS,2021,95
Bahamas,BHS,2022,95
Bahamas,BHS,2023,95
Bahrain,BHR,2013,88.55
Bahrain,BHR,2014,95.6
Bahrain,BHR,2015,95.6
Bahrain,BHR,2016,100
Bahrain,BHR,2017,100
Bahrain,BHR,2018,100
Bahrain,BHR,2019,100
Bahrain,BHR,2020,100
Bahrain,BHR,2021,100
Bahrain,BHR,2022,100
Bahrain,BHR,2023,100
Bangladesh,BGD,2014,59
Bangladesh,BGD,2015,65
Bangladesh,BGD,2016,65
Bangladesh,BGD,2017,67
Bangladesh,BGD,2018,79
Bangladesh,BGD,2019,82
Bangladesh,BGD,2020,97.8
Bangladesh,BGD,2021,98.2
Bangladesh,BGD,2022,98.5
Bangladesh,BGD,2023,98.93
Barbados,BRB,2014,0
Barbados,BRB,2015,0
Barbados,BRB,2016,20
Barbados,BRB,2017,99.6
Barbados,BRB,2018,99.6
Barbados,BRB,2019,99.6
Barbados,BRB,2020,99.6
Barbados,BRB,2021,99
Barbados,BRB,2022,99
Belarus,BLR,2014,6
Belarus,BLR,2015,20.4
Belarus,BLR,2016,41.5
Belarus,BLR,2017,68.5
Belarus,BLR,2018,75.7
Belarus,BLR,2019,75.7
Belarus,BLR,2020,89.5
Belarus,BLR,2021,97.4
Belarus,BLR,2022,98
Belarus,BLR,2023,98.4
Belgium,BEL,2012,12.23
Belgium,BEL,2013,51.7
Belgium,BEL,2014,88
Belgium,BEL,2015,99.89
Belgium,BEL,2016,100
Belgium,BEL,2017,100
Belgium,BEL,2018,100
Belgium,BEL,2019,100
Belgium,BEL,2020,100
Belgium,BEL,2021,100
Belgium,BEL,2022,100
Belgium,BEL,2023,100
Belize,BLZ,2015,0
Belize,BLZ,2016,46.94
Belize,BLZ,2017,65
Belize,BLZ,2018,68
Belize,BLZ,2019,70
Belize,BLZ,2020,70
Belize,BLZ,2021,70
Belize,BLZ,2022,70
Benin,BEN,2015,11.52
Benin,BEN,2016,23.89
Benin,BEN,2017,39.72
Benin,BEN,2018,40
Benin,BEN,2019,45
Benin,BEN,2020,46
Benin,BEN,2021,46
Benin,BEN,2022,80
Benin,BEN,2023,80
Bermuda,BMU,2016,0
Bermuda,BMU,2017,99.7
Bermuda,BMU,2019,99.7
Bermuda,BMU,2020,99.7
Bermuda,BMU,2021,99.7
Bermuda,BMU,2022,99.7
Bhutan,BTN,2013,5
Bhutan,BTN,2014,10.72
Bhutan,BTN,2015,40
Bhutan,BTN,2016,53
Bhutan,BTN,2017,55
Bhutan,BTN,2018,60
Bhutan,BTN,2019,78
Bhutan,BTN,2020,80
Bhutan,BTN,2021,80
Bhutan,BTN,2022,97
Bhutan,BTN,2023,97
Bolivia,BOL,2014,1.6
Bolivia,BOL,2015,2.5
Bolivia,BOL,2016,60.7
Bolivia,BOL,2017,74.48
Bolivia,BOL,2019,74.48
Bolivia,BOL,2020,74.48
Bolivia,BOL,2021,74.48
Bolivia,BOL,2022,74.48
Bosnia and Herzegovina,BIH,2014,0
Bosnia and Herzegovina,BIH,2015,0
Bosnia and Herzegovina,BIH,2016,0
Bosnia and Herzegovina,BIH,2017,0
Bosnia and Herzegovina,BIH,2018,0
Bosnia and Herzegovina,BIH,2019,82
Bosnia and Herzegovina,BIH,2020,82
Bosnia and Herzegovina,BIH,2021,93
Bosnia and Herzegovina,BIH,2022,99
Bosnia and Herzegovina,BIH,2023,99
Botswana,BWA,2014,0
Botswana,BWA,2015,40
Botswana,BWA,2016,64
Botswana,BWA,2017,64
Botswana,BWA,2018,65
Botswana,BWA,2019,68
Botswana,BWA,2020,77
Botswana,BWA,2021,88
Botswana,BWA,2022,91
Botswana,BWA,2023,91
Brazil,BRA,2012,10
Brazil,BRA,2013,30
Brazil,BRA,2014,66.14
Brazil,BRA,2015,72.08
Brazil,BRA,2016,75.38
Brazil,BRA,2017,83.05
Brazil,BRA,2018,83.05
Brazil,BRA,2019,88.75
Brazil,BRA,2020,88.23
Brazil,BRA,2021,88.3
Brazil,BRA,2022,92.36
Brazil,BRA,2023,93.19
British Virgin Islands,VGB,2016,48
British Virgin Islands,VGB,2017,83
British Virgin Islands,VGB,2018,99
British Virgin Islands,VGB,2019,100
British Virgin Islands,VGB,2020,100
British Virgin Islands,VGB,2021,100
British Virgin Islands,VGB,2022,100
Brunei,BRN,2013,5
Brunei,BRN,2014,11
Brunei,BRN,2015,80
Brunei,BRN,2016,89.58
Brunei,BRN,2017,90.04
Brunei,BRN,2018,94.94
Brunei,BRN,2019,95.25
Brunei,BRN,2020,95.25
Brunei,BRN,2021,96.64
Brunei,BRN,2022,98.64
Brunei,BRN,2023,99.04
Bulgaria,BGR,2012,0
Bulgaria,BGR,2013,0
Bulgaria,BGR,2014,34.5
Bulgaria,BGR,2015,56.73
Bulgaria,BGR,2016,86.75
Bulgaria,BGR,2017,99.34
Bulgaria,BGR,2018,99.71
Bulgaria,BGR,2019,99.94
Bulgaria,BGR,2020,99.85
Bulgaria,BGR,2021,99.85
Bulgaria,BGR,2022,99.86
Bulgaria,BGR,2023,99.86
Burkina Faso,BFA,2014,0
Burkina Faso,BFA,2015,0
Burkina Faso,BFA,2016,0
Burkina Faso,BFA,2017,0
Burkina Faso,BFA,2018,0
Burkina Faso,BFA,2019,26.92
Burkina Faso,BFA,2020,26.92
Burkina Faso,BFA,2021,36.6
Burkina Faso,BFA,2022,39.39
Burundi,BDI,2012,0
Burundi,BDI,2013,0
Burundi,BDI,2014,0
Burundi,BDI,2015,0
Burundi,BDI,2016,0
Burundi,BDI,2017,11
Burundi,BDI,2018,20.93
Burundi,BDI,2019,25
Burundi,BDI,2020,27.1
Burundi,BDI,2021,32.18
Burundi,BDI,2022,32.18
Burundi,BDI,2023,32.18
Cambodia,KHM,2014,9
Cambodia,KHM,2015,30
Cambodia,KHM,2016,50
Cambodia,KHM,2017,57.5
Cambodia,KHM,2018,80.3
Cambodia,KHM,2019,80.3
Cambodia,KHM,2020,91.5
Cambodia,KHM,2021,92.1
Cambodia,KHM,2022,92.1
Cambodia,KHM,2023,93.1
Cameroon,CMR,2019,50
Cameroon,CMR,2020,60
Cameroon,CMR,2021,65
Cameroon,CMR,2022,70
Cameroon,CMR,2023,75
Canada,CAN,2012,67
Canada,CAN,2013,81
Canada,CAN,2014,93
Canada,CAN,2015,97.4
Canada,CAN,2016,98.5
Canada,CAN,2017,99
Canada,CAN,2018,99.3
Canada,CAN,2019,99.5
Canada,CAN,2020,99.5
Canada,CAN,2021,99.4
Canada,CAN,2022,99.5
Canada,CAN,2023,99.5
Cape Verde,CPV,2015,0
Cape Verde,CPV,2016,0
Cape Verde,CPV,2017,0
Cape Verde,CPV,2019,79.42
Cape Verde,CPV,2020,79.42
Cape Verde,CPV,2021,80.03
Cape Verde,CPV,2022,80.23
Cape Verde,CPV,2023,84.7
Cayman Islands,CYM,2013,60
Cayman Islands,CYM,2014,80
Cayman Islands,CYM,2015,100
Cayman Islands,CYM,2016,100
Cayman Islands,CYM,2017,100
Cayman Islands,CYM,2019,100
Cayman Islands,CYM,2020,100
Cayman Islands,CYM,2021,100
Cayman Islands,CYM,2022,100
Central African Republic,CAF,2014,0.23
Central African Republic,CAF,2015,0.3
Central African Republic,CAF,2019,0
Central African Republic,CAF,2020,0
Central African Republic,CAF,2021,0.3
Central African Republic,CAF,2022,0.3
Central African Republic,CAF,2023,0.3
Central and Southern Asia (UN SDG),,2015,12
Central and Southern Asia (UN SDG),,2016,62.01
Central and Southern Asia (UN SDG),,2017,79.27
Central and Southern Asia (UN SDG),,2018,85.09
Central and Southern Asia (UN SDG),,2019,88.79
Central and Southern Asia (UN SDG),,2020,91.19
Central and Southern Asia (UN SDG),,2021,92.27
Central and Southern Asia (UN SDG),,2022,92.85
Central and Southern Asia (UN SDG),,2023,94.43
Central and Southern Asia (UN SDG),,2024,94.51
Chad,TCD,2014,8.6
Chad,TCD,2015,8.6
Chad,TCD,2016,8.6
Chad,TCD,2017,9
Chad,TCD,2018,12
Chad,TCD,2019,19.3
Chad,TCD,2020,21.8
Chad,TCD,2021,22
Chad,TCD,2022,36
Chad,TCD,2023,44.3
Chile,CHL,2013,34.52
Chile,CHL,2014,50
Chile,CHL,2015,76
Chile,CHL,2016,79
Chile,CHL,2017,88
Chile,CHL,2019,88
Chile,CHL,2020,88
Chile,CHL,2021,88
Chile,CHL,2022,89
Chile,CHL,2023,96
China,CHN,2013,10
China,CHN,2014,43.59
China,CHN,2015,85
China,CHN,2016,97
China,CHN,2017,98
China,CHN,2018,99.4
China,CHN,2019,99.9
China,CHN,2020,99.9
China,CHN,2021,99.9
China,CHN,2022,99.9
China,CHN,2023,100
Colombia,COL,2013,10
Colombia,COL,2014,56
Colombia,COL,2015,81
Colombia,COL,2016,92
Colombia,COL,2017,96
Colombia,COL,2018,98
Colombia,COL,2019,98
Colombia,COL,2020,98
Colombia,COL,2021,99.5
Colombia,COL,2022,99.8
Colombia,COL,2023,99.8
Comoros,COM,2015,57
Comoros,COM,2016,60
Comoros,COM,2017,82.48
Comoros,COM,2018,82.48
Comoros,COM,2019,79.87
Comoros,COM,2020,81
Comoros,COM,2021,85
Comoros,COM,2022,85
Comoros,COM,2023,94
Congo,COG,2015,0
Congo,COG,2016,5
Congo,COG,2017,5
Congo,COG,2021,85
Congo,COG,2022,87
Congo,COG,2023,77.5
Cook Islands,COK,2017,55
Cook Islands,COK,2019,55
Cook Islands,COK,2020,55
Cook Islands,COK,2021,55
Cook Islands,COK,2022,55
Costa Rica,CRI,2013,10
Costa Rica,CRI,2014,21
Costa Rica,CRI,2015,68.9
Costa Rica,CRI,2016,71
Costa Rica,CRI,2017,82.2
Costa Rica,CRI,2018,86.54
Costa Rica,CRI,2019,93.8
Costa Rica,CRI,2020,93
Costa Rica,CRI,2021,91
Costa Rica,CRI,2022,91
Costa Rica,CRI,2023,95
Cote d'Ivoire,CIV,2014,27.27
Cote d'Ivoire,CIV,2015,28
Cote d'Ivoire,CIV,2016,34
Cote d'Ivoire,CIV,2017,47
Cote d'Ivoire,CIV,2018,55
Cote d'Ivoire,CIV,2019,58.51
Cote d'Ivoire,CIV,2020,60
Cote d'Ivoire,CIV,2021,64.52
Cote d'Ivoire,CIV,2022,91.1
Cote d'Ivoire,CIV,2023,91.5
Croatia,HRV,2012,13.9
Croatia,HRV,2013,23
Croatia,HRV,2014,45
Croatia,HRV,2015,98
Croatia,HRV,2016,96.85
Croatia,HRV,2017,98.31
Croatia,HRV,2018,98.5
Croatia,HRV,2019,99.44
Croatia,HRV,2020,99.53
Croatia,HRV,2021,99.45
Croatia,HRV,2022,99.69
Croatia,HRV,2023,99.72
Cuba,CUB,2014,0
Cuba,CUB,2015,0
Cuba,CUB,2016,0
Cuba,CUB,2017,0
Cuba,CUB,2018,0
Cuba,CUB,2019,22.38
Cuba,CUB,2020,39.71
Cuba,CUB,2021,49.17
Cuba,CUB,2022,49.5
Cuba,CUB,2023,50.04
Curacao,CUW,2015,14.64
Curacao,CUW,2016,70
Curacao,CUW,2017,70
Curacao,CUW,2018,80
Curacao,CUW,2019,90
Curacao,CUW,2020,90
Curacao,CUW,2021,100
Curacao,CUW,2022,99
Curacao,CUW,2023,99
Cyprus,CYP,2014,0
Cyprus,CYP,2015,60
Cyprus,CYP,2016,73
Cyprus,CYP,2017,96
Cyprus,CYP,2018,97.53
Cyprus,CYP,2019,99.6
Cyprus,CYP,2020,99.93
Cyprus,CYP,2021,99.91
Cyprus,CYP,2022,100
Cyprus,CYP,2023,100
Czechia,CZE,2012,0
Czechia,CZE,2013,0
Czechia,CZE,2014,92.1
Czechia,CZE,2015,98.7
Czechia,CZE,2016,99.7
Czechia,CZE,2017,99.8
Czechia,CZE,2018,99.8
Czechia,CZE,2019,99.8
Czechia,CZE,2020,99.8
Czechia,CZE,2021,99.8
Czechia,CZE,2022,99.8
Czechia,CZE,2023,99.8
Democratic Republic of Congo,COD,2014,0
Democratic Republic of Congo,COD,2015,0
Democratic Republic of Congo,COD,2016,0
Democratic Republic of Congo,COD,2017,0
Democratic Republic of Congo,COD,2018,0
Democratic Republic of Congo,COD,2020,40
Democratic Republic of Congo,COD,2021,40
Democratic Republic of Congo,COD,2022,45
Democratic Republic of Congo,COD,2023,45
Denmark,DNK,2012,83.08
Denmark,DNK,2014,99.5
Denmark,DNK,2015,99.99
Denmark,DNK,2016,100
Denmark,DNK,2017,100
Denmark,DNK,2018,100
Denmark,DNK,2019,100
Denmark,DNK,2020,100
Denmark,DNK,2021,100
Denmark,DNK,2022,100
Denmark,DNK,2023,100
Djibouti,DJI,2015,0
Djibouti,DJI,2016,0
Djibouti,DJI,2017,0
Djibouti,DJI,2018,5
Djibouti,DJI,2019,50
Djibouti,DJI,2020,70
Djibouti,DJI,2021,76
Djibouti,DJI,2022,76
Djibouti,DJI,2023,76
Dominica,DMA,2014,0
Dominica,DMA,2015,0
Dominica,DMA,2016,0
Dominica,DMA,2017,67
Dominica,DMA,2018,95
Dominica,DMA,2019,95
Dominica,DMA,2020,95
Dominica,DMA,2021,100
Dominica,DMA,2022,100
Dominican Republic,DOM,2012,3.1
Dominican Republic,DOM,2013,4
Dominican Republic,DOM,2014,10
Dominican Republic,DOM,2015,86.4
Dominican Republic,DOM,2016,86.4
Dominican Republic,DOM,2017,90.43
Dominican Republic,DOM,2018,93.72
Dominican Republic,DOM,2019,95.35
Dominican Republic,DOM,2020,96.64
Dominican Republic,DOM,2021,97.6
Dominican Republic,DOM,2022,97.6
Dominican Republic,DOM,2023,97.6
East Timor,TLS,2015,0
East Timor,TLS,2016,0
East Timor,TLS,2017,20
East Timor,TLS,2018,40
East Timor,TLS,2019,45
East Timor,TLS,2020,45
East Timor,TLS,2021,45
East Timor,TLS,2022,45
East Timor,TLS,2023,45
Eastern and South-Eastern Asia (UN SDG),,2015,65.81
Eastern and South-Eastern Asia (UN SDG),,2016,80.14
Eastern and South-Eastern Asia (UN SDG),,2017,92.65
Eastern and South-Eastern Asia (UN SDG),,2018,95.7
Eastern and South-Eastern Asia (UN SDG),,2019,96.49
Eastern and South-Eastern Asia (UN SDG),,2020,96.76
Eastern and South-Eastern Asia (UN SDG),,2021,96.49
Eastern and South-Eastern Asia (UN SDG),,2022,96.77
Eastern and South-Eastern Asia (UN SDG),,2023,97.64
Eastern and South-Eastern Asia (UN SDG),,2024,97.65
Ecuador,ECU,2013,10
Ecuador,ECU,2014,28.19
Ecuador,ECU,2015,49.63
Ecuador,ECU,2016,50.96
Ecuador,ECU,2017,58.75
Ecuador,ECU,2018,70.87
Ecuador,ECU,2019,83.07
Ecuador,ECU,2020,90.98
Ecuador,ECU,2021,92.88
Ecuador,ECU,2022,93.89
Ecuador,ECU,2023,95.05
Egypt,EGY,2014,0
Egypt,EGY,2015,0
Egypt,EGY,2016,0
Egypt,EGY,2017,61
Egypt,EGY,2018,89
Egypt,EGY,2019,95.1
Egypt,EGY,2020,96
Egypt,EGY,2021,98
Egypt,EGY,2022,98
Egypt,EGY,2023,98
El Salvador,SLV,2015,0
El Salvador,SLV,2016,15
El Salvador,SLV,2017,52
El Salvador,SLV,2018,68
El Salvador,SLV,2019,68
El Salvador,SLV,2020,68
El Salvador,SLV,2021,76
El Salvador,SLV,2022,76
El Salvador,SLV,2023,76
Equatorial Guinea,GNQ,2015,0
Equatorial Guinea,GNQ,2016,0
Equatorial Guinea,GNQ,2017,0
Equatorial Guinea,GNQ,2021,65
Equatorial Guinea,GNQ,2022,65
Eritrea,ERI,2014,0
Eritrea,ERI,2015,0
Eritrea,ERI,2016,0
Eritrea,ERI,2017,0
Eritrea,ERI,2021,0
Eritrea,ERI,2022,0
Estonia,EST,2012,70
Estonia,EST,2013,97
Estonia,EST,2014,100
Estonia,EST,2015,100
Estonia,EST,2016,99
Estonia,EST,2017,99
Estonia,EST,2018,99
Estonia,EST,2019,99
Estonia,EST,2020,99
Estonia,EST,2021,99
Estonia,EST,2022,99
Estonia,EST,2023,99
Eswatini,SWZ,2014,0
Eswatini,SWZ,2015,0
Eswatini,SWZ,2016,21
Eswatini,SWZ,2017,30
Eswatini,SWZ,2018,37
Eswatini,SWZ,2019,39
Eswatini,SWZ,2020,61
Eswatini,SWZ,2021,80.4
Eswatini,SWZ,2022,81
Eswatini,SWZ,2023,87
Ethiopia,ETH,2014,10
Ethiopia,ETH,2015,10
Ethiopia,ETH,2016,10
Ethiopia,ETH,2017,7
Ethiopia,ETH,2019,7
Ethiopia,ETH,2020,7
Ethiopia,ETH,2021,10
Ethiopia,ETH,2022,33
Ethiopia,ETH,2023,35
Europe (UN),,2015,76.34
Europe (UN),,2016,81.18
Europe (UN),,2017,84.31
Europe (UN),,2018,86.71
Europe (UN),,2019,95.38
Europe (UN),,2020,96.41
Europe (UN),,2021,97.08
Europe (UN),,2022,97.68
Europe (UN),,2023,98.61
Europe (UN),,2024,98.61
Europe and Northern America (UN SDG),,2015,83.92
Europe and Northern America (UN SDG),,2016,87.22
Europe and Northern America (UN SDG),,2017,89.43
Europe and Northern America (UN SDG),,2018,91.09
Europe and Northern America (UN SDG),,2019,96.88
Europe and Northern America (UN SDG),,2020,97.57
Europe and Northern America (UN SDG),,2021,98.01
Europe and Northern America (UN SDG),,2022,98.29
Europe and Northern America (UN SDG),,2023,98.94
Europe and Northern America (UN SDG),,2024,98.94
Faroe Islands,FRO,2015,93
Faroe Islands,FRO,2016,98
Faroe Islands,FRO,2017,100
Faroe Islands,FRO,2018,99.99
Faroe Islands,FRO,2019,99.99
Faroe Islands,FRO,2020,100
Faroe Islands,FRO,2021,100
Faroe Islands,FRO,2022,100
Fiji,FJI,2014,15
Fiji,FJI,2015,17
Fiji,FJI,2018,75
Fiji,FJI,2019,76
Fiji,FJI,2020,80
Fiji,FJI,2021,80
Fiji,FJI,2022,92.9
Finland,FIN,2012,65.11
Finland,FIN,2013,79.14
Finland,FIN,2014,95
Finland,FIN,2015,99.9
Finland,FIN,2016,99.9
Finland,FIN,2017,99.9
Finland,FIN,2018,99.9
Finland,FIN,2019,99.9
Finland,FIN,2020,99.9
Finland,FIN,2021,99.9
Finland,FIN,2022,99.99
Finland,FIN,2023,99.99
France,FRA,2012,20
France,FRA,2013,63
France,FRA,2014,74
France,FRA,2015,80
France,FRA,2016,90
France,FRA,2017,98
France,FRA,2018,99
France,FRA,2019,99
France,FRA,2020,99
France,FRA,2021,99
France,FRA,2022,99
France,FRA,2023,99
French Guiana,GUF,2016,70
French Polynesia,PYF,2014,0
French Polynesia,PYF,2015,35
French Polynesia,PYF,2016,50
French Polynesia,PYF,2017,58
French Polynesia,PYF,2018,88.5
French Polynesia,PYF,2019,88.5
French Polynesia,PYF,2020,88.5
French Polynesia,PYF,2021,90
French Polynesia,PYF,2022,90
French Polynesia,PYF,2023,90
Gabon,GAB,2014,10
Gabon,GAB,2015,78
Gabon,GAB,2016,83
Gabon,GAB,2017,95
Gabon,GAB,2018,97
Gabon,GAB,2019,97
Gabon,GAB,2020,98
Gabon,GAB,2021,98
Gabon,GAB,2022,98
Gabon,GAB,2023,98
Gambia,GMB,2015,0
Gambia,GMB,2016,0
Gambia,GMB,2017,7.2
Gambia,GMB,2018,7.5
Gambia,GMB,2019,30
Gambia,GMB,2020,50
Gambia,GMB,2021,55
Gambia,GMB,2022,60
Georgia,GEO,2013,8.86
Georgia,GEO,2014,20
Georgia,GEO,2015,82
Georgia,GEO,2016,91.99
Georgia,GEO,2017,99.72
Georgia,GEO,2018,99.72
Georgia,GEO,2019,99.72
Georgia,GEO,2020,99.72
Georgia,GEO,2021,99.72
Georgia,GEO,2022,99.72
Georgia,GEO,2023,99.72
Germany,DEU,2012,53
Germany,DEU,2013,67
Germany,DEU,2014,92.1
Germany,DEU,2015,95.7
Germany,DEU,2016,96.2
Germany,DEU,2017,96.2
Germany,DEU,2018,98.2
Germany,DEU,2019,99
Germany,DEU,2020,99.64
Germany,DEU,2021,99.83
Germany,DEU,2022,99.9
Germany,DEU,2023,99.96
Ghana,GHA,2014,10
Ghana,GHA,2015,23
Ghana,GHA,2016,34.86
Ghana,GHA,2017,34.86
Ghana,GHA,2018,34.86
Ghana,GHA,2019,67.65
Ghana,GHA,2020,67.65
Ghana,GHA,2021,67.65
Ghana,GHA,2022,67.65
Ghana,GHA,2023,99.3
Gibraltar,GIB,2015,100
Gibraltar,GIB,2016,100
Gibraltar,GIB,2017,100
Gibraltar,GIB,2018,100
Gibraltar,GIB,2019,100
Gibraltar,GIB,2020,100
Gibraltar,GIB,2021,100
Gibraltar,GIB,2022,100
Greece,GRC,2012,35.13
Greece,GRC,2013,55
Greece,GRC,2014,55
Greece,GRC,2015,83
Greece,GRC,2016,93
Greece,GRC,2017,98
Greece,GRC,2018,98.8
Greece,GRC,2019,98.8
Greece,GRC,2020,98.8
Greece,GRC,2021,99
Greece,GRC,2022,99.2
Greece,GRC,2023,99.8
Greenland,GRL,2016,56
Greenland,GRL,2017,56.3
Greenland,GRL,2018,100
Greenland,GRL,2019,100
Greenland,GRL,2020,100
Greenland,GRL,2021,100
Greenland,GRL,2022,100
Grenada,GRD,2014,60
Grenada,GRD,2015,75
Grenada,GRD,2016,81.85
Grenada,GRD,2017,81.85
Grenada,GRD,2019,81.85
Grenada,GRD,2020,95
Grenada,GRD,2021,98.5
Grenada,GRD,2022,98.5
Guadeloupe,GLP,2016,95
Guam,GUM,2012,12.1
Guam,GUM,2013,25.94
Guam,GUM,2014,45
Guam,GUM,2015,65
Guam,GUM,2016,82.79
Guam,GUM,2019,82.79
Guam,GUM,2020,82.79
Guam,GUM,2021,82.79
Guam,GUM,2022,82.79
Guatemala,GTM,2014,10
Guatemala,GTM,2015,20.7
Guatemala,GTM,2016,40.35
Guatemala,GTM,2017,64.4
Guatemala,GTM,2018,78.3
Guatemala,GTM,2019,86.3
Guatemala,GTM,2020,88
Guatemala,GTM,2021,88
Guatemala,GTM,2022,89
Guatemala,GTM,2023,92
Guernsey,GGY,2015,57.56
Guernsey,GGY,2016,74.15
Guernsey,GGY,2021,74.15
Guernsey,GGY,2022,74.15
Guinea,GIN,2014,0
Guinea,GIN,2015,10.3
Guinea,GIN,2018,18.5
Guinea,GIN,2019,29
Guinea,GIN,2020,29
Guinea,GIN,2021,29
Guinea,GIN,2022,32.12
Guinea,GIN,2023,77
Guinea-Bissau,GNB,2014,0
Guinea-Bissau,GNB,2015,0
Guinea-Bissau,GNB,2021,23
Guinea-Bissau,GNB,2022,31
Guinea-Bissau,GNB,2023,32
Guyana,GUY,2015,0
Guyana,GUY,2016,25
Guyana,GUY,2017,50
Guyana,GUY,2019,50
Guyana,GUY,2020,50
Guyana,GUY,2021,50
Guyana,GUY,2022,50
Haiti,HTI,2015,0
Haiti,HTI,2016,14
Haiti,HTI,2017,30
Haiti,HTI,2018,30
Haiti,HTI,2019,30
Haiti,HTI,2020,35
Haiti,HTI,2021,35
Haiti,HTI,2022,35.46
Honduras,HND,2014,0
Honduras,HND,2015,18
Honduras,HND,2016,42.55
Honduras,HND,2017,50.78
Honduras,HND,2018,67.46
Honduras,HND,2019,67.85
Honduras,HND,2020,75.24
Honduras,HND,2021,78.51
Honduras,HND,2022,86.2
Honduras,HND,2023,91
Hong Kong,HKG,2012,91.67
Hong Kong,HKG,2013,95
Hong Kong,HKG,2014,95
Hong Kong,HKG,2015,99
Hong Kong,HKG,2016,99
Hong Kong,HKG,2017,99
Hong Kong,HKG,2018,99
Hong Kong,HKG,2019,99
Hong Kong,HKG,2020,99
Hong Kong,HKG,2021,99
Hong Kong,HKG,2022,99
Hong Kong,HKG,2023,99
Hungary,HUN,2012,27
Hungary,HUN,2013,38
Hungary,HUN,2014,78.3
Hungary,HUN,2015,97.3
Hungary,HUN,2016,98
Hungary,HUN,2017,99
Hungary,HUN,2018,99.2
Hungary,HUN,2019,99.2
Hungary,HUN,2020,99.2
Hungary,HUN,2021,99.2
Hungary,HUN,2022,99.2
Hungary,HUN,2023,99.2
Iceland,ISL,2013,67.7
Iceland,ISL,2014,89
Iceland,ISL,2015,93
Iceland,ISL,2016,95.5
Iceland,ISL,2017,98.2
Iceland,ISL,2018,98.2
Iceland,ISL,2019,98.9
Iceland,ISL,2020,99.98
Iceland,ISL,2021,99
Iceland,ISL,2022,99
Iceland,ISL,2023,99
India,IND,2014,2
India,IND,2015,4
India,IND,2016,73.5
India,IND,2017,88
India,IND,2018,94
India,IND,2019,97.92
India,IND,2020,98.45
India,IND,2021,98.67
India,IND,2022,98.67
India,IND,2023,98.8
Indonesia,IDN,2013,5
Indonesia,IDN,2014,10
Indonesia,IDN,2015,5
Indonesia,IDN,2016,22.6
Indonesia,IDN,2017,90.42
Indonesia,IDN,2018,97.59
Indonesia,IDN,2019,97.59
Indonesia,IDN,2020,96.1
Indonesia,IDN,2021,96.19
Indonesia,IDN,2022,96.48
Indonesia,IDN,2023,98.96
Iran,IRN,2014,4.33
Iran,IRN,2015,14.06
Iran,IRN,2016,28.94
Iran,IRN,2017,74
Iran,IRN,2018,76
Iran,IRN,2019,81
Iran,IRN,2020,81
Iran,IRN,2021,81
Iran,IRN,2022,81
Iran,IRN,2023,92
Iraq,IRQ,2013,0
Iraq,IRQ,2014,0
Iraq,IRQ,2015,0
Iraq,IRQ,2016,0
Iraq,IRQ,2017,0
Iraq,IRQ,2018,0
Iraq,IRQ,2019,0
Iraq,IRQ,2020,94.6
Iraq,IRQ,2021,95.88
Iraq,IRQ,2022,96.57
Iraq,IRQ,2023,98.2
Ireland,IRL,2013,40
Ireland,IRL,2014,87
Ireland,IRL,2015,90
Ireland,IRL,2016,90
Ireland,IRL,2017,90
Ireland,IRL,2018,90
Ireland,IRL,2019,90
Ireland,IRL,2020,90
Ireland,IRL,2021,90
Ireland,IRL,2022,90
Ireland,IRL,2023,99.8
Israel,ISR,2014,60
Israel,ISR,2015,60
Israel,ISR,2016,70
Israel,ISR,2017,82
Israel,ISR,2018,90
Israel,ISR,2019,94
Israel,ISR,2020,97
Israel,ISR,2021,97
Israel,ISR,2022,97
Israel,ISR,2023,97
Italy,ITA,2012,7.09
Italy,ITA,2013,49
Italy,ITA,2014,90
Italy,ITA,2015,93
Italy,ITA,2016,96
Italy,ITA,2017,98
Italy,ITA,2018,99
Italy,ITA,2019,100
Italy,ITA,2020,100
Italy,ITA,2021,100
Italy,ITA,2022,100
Italy,ITA,2023,100
Jamaica,JAM,2015,0
Jamaica,JAM,2016,5
Jamaica,JAM,2017,45
Jamaica,JAM,2018,73
Jamaica,JAM,2019,94
Jamaica,JAM,2020,97
Jamaica,JAM,2021,98
Jamaica,JAM,2022,99
Jamaica,JAM,2023,99
Japan,JPN,2012,84
Japan,JPN,2013,98.7
Japan,JPN,2014,99
Japan,JPN,2015,99
Japan,JPN,2016,99
Japan,JPN,2017,99
Japan,JPN,2018,99.9
Japan,JPN,2019,99.9
Japan,JPN,2020,99.9
Japan,JPN,2021,93.2
Japan,JPN,2022,96.6
Japan,JPN,2023,96.6
Jersey,JEY,2015,64
Jersey,JEY,2016,94.16
Jersey,JEY,2021,94.16
Jersey,JEY,2022,94.16
Jordan,JOR,2014,80
Jordan,JOR,2015,80
Jordan,JOR,2016,87
Jordan,JOR,2017,90
Jordan,JOR,2018,99
Jordan,JOR,2019,99
Jordan,JOR,2020,99
Jordan,JOR,2021,99
Jordan,JOR,2022,99.8
Jordan,JOR,2023,99.5
Kazakhstan,KAZ,2012,2.67
Kazakhstan,KAZ,2013,25.86
Kazakhstan,KAZ,2014,43.3
Kazakhstan,KAZ,2015,65.5
Kazakhstan,KAZ,2016,69
Kazakhstan,KAZ,2017,72.9
Kazakhstan,KAZ,2018,75.3
Kazakhstan,KAZ,2019,75.7
Kazakhstan,KAZ,2020,81.3
Kazakhstan,KAZ,2021,83.5
Kazakhstan,KAZ,2022,87.3
Kazakhstan,KAZ,2023,89.2
Kenya,KEN,2014,0
Kenya,KEN,2015,7
Kenya,KEN,2016,21.5
Kenya,KEN,2017,25
Kenya,KEN,2018,35
Kenya,KEN,2019,57
Kenya,KEN,2020,77
Kenya,KEN,2021,94
Kenya,KEN,2022,97
Kenya,KEN,2023,97
Kiribati,KIR,2013,10
Kiribati,KIR,2014,20
Kiribati,KIR,2015,0
Kiribati,KIR,2017,51
Kiribati,KIR,2018,53
Kiribati,KIR,2019,53
Kiribati,KIR,2020,53.3
Kiribati,KIR,2021,64
Kiribati,KIR,2022,64
Kiribati,KIR,2023,65
Kuwait,KWT,2012,95
Kuwait,KWT,2015,96.6
Kuwait,KWT,2016,99
Kuwait,KWT,2017,99.6
Kuwait,KWT,2018,100
Kuwait,KWT,2019,100
Kuwait,KWT,2020,100
Kuwait,KWT,2021,100
Kuwait,KWT,2022,100
Kuwait,KWT,2023,100
Kyrgyzstan,KGZ,2014,0.5
Kyrgyzstan,KGZ,2015,1.6
Kyrgyzstan,KGZ,2016,40
Kyrgyzstan,KGZ,2017,50
Kyrgyzstan,KGZ,2018,70
Kyrgyzstan,KGZ,2019,85
Kyrgyzstan,KGZ,2020,85
Kyrgyzstan,KGZ,2021,96
Kyrgyzstan,KGZ,2022,96.9
Kyrgyzstan,KGZ,2023,99.33
Laos,LAO,2014,2
Laos,LAO,2015,5
Laos,LAO,2016,7
Laos,LAO,2017,9
Laos,LAO,2018,43
Laos,LAO,2019,43
Laos,LAO,2020,50
Laos,LAO,2021,52
Laos,LAO,2022,66.32
Laos,LAO,2023,76
Latin America and the Caribbean (UN SDG),,2015,57.75
Latin America and the Caribbean (UN SDG),,2016,65.34
Latin America and the Caribbean (UN SDG),,2017,72.27
Latin America and the Caribbean (UN SDG),,2018,80.65
Latin America and the Caribbean (UN SDG),,2019,84.57
Latin America and the Caribbean (UN SDG),,2020,86.43
Latin America and the Caribbean (UN SDG),,2021,87.75
Latin America and the Caribbean (UN SDG),,2022,89.51
Latin America and the Caribbean (UN SDG),,2023,90.32
Latin America and the Caribbean (UN SDG),,2024,90.31
Latin America and the Caribbean (UN),,2015,57.75
Latin America and the Caribbean (UN),,2016,65.34
Latin America and the Caribbean (UN),,2017,72.27
Latin America and the Caribbean (UN),,2018,80.65
Latin America and the Caribbean (UN),,2019,84.57
Latin America and the Caribbean (UN),,2020,86.43
Latin America and the Caribbean (UN),,2021,87.75
Latin America and the Caribbean (UN),,2022,89.51
Latin America and the Caribbean (UN),,2023,90.32
Latin America and the Caribbean (UN),,2024,90.31
Latvia,LVA,2012,26.67
Latvia,LVA,2013,38.64
Latvia,LVA,2014,75
Latvia,LVA,2015,90
Latvia,LVA,2016,95
Latvia,LVA,2017,95
Latvia,LVA,2019,95
Latvia,LVA,2020,95
Latvia,LVA,2021,95
Latvia,LVA,2022,95
Latvia,LVA,2023,95
Least Developed Countries (LDCs),,2015,15.4
Least Developed Countries (LDCs),,2016,19.4
Least Developed Countries (LDCs),,2017,23.4
Least Developed Countries (LDCs),,2018,30.7
Least Developed Countries (LDCs),,2019,36.6
Least Developed Countries (LDCs),,2020,44.6
Least Developed Countries (LDCs),,2021,46.5
Least Developed Countries (LDCs),,2022,56.6
Least Developed Countries (LDCs),,2023,65
Least Developed Countries (LDCs),,2024,67.1
Lebanon,LBN,2013,29.28
Lebanon,LBN,2014,55
Lebanon,LBN,2015,48
Lebanon,LBN,2016,61.72
Lebanon,LBN,2017,97.88
Lebanon,LBN,2018,98.2
Lebanon,LBN,2019,99
Lebanon,LBN,2020,99.2
Lebanon,LBN,2021,99.2
Lebanon,LBN,2022,99.2
Lesotho,LSO,2014,62.7
Lesotho,LSO,2015,70
Lesotho,LSO,2016,75
Lesotho,LSO,2017,65
Lesotho,LSO,2018,65
Lesotho,LSO,2019,67
Lesotho,LSO,2020,67
Lesotho,LSO,2021,85
Lesotho,LSO,2022,85.1
Lesotho,LSO,2023,85.1
Liberia,LBR,2015,0
Liberia,LBR,2016,4.4
Liberia,LBR,2017,29.86
Liberia,LBR,2019,30
Liberia,LBR,2020,35
Liberia,LBR,2021,35
Liberia,LBR,2022,67
Liberia,LBR,2023,80
Libya,LBY,2015,0
Libya,LBY,2016,0
Libya,LBY,2017,40
Libya,LBY,2019,40
Libya,LBY,2020,40
Libya,LBY,2021,40
Libya,LBY,2022,90
Liechtenstein,LIE,2014,0
Liechtenstein,LIE,2015,96
Liechtenstein,LIE,2016,96
Liechtenstein,LIE,2017,97
Liechtenstein,LIE,2018,98
Liechtenstein,LIE,2019,98
Liechtenstein,LIE,2020,98
Liechtenstein,LIE,2021,98.33
Liechtenstein,LIE,2022,98.33
Liechtenstein,LIE,2023,98.33
Lithuania,LTU,2012,44.44
Lithuania,LTU,2013,48.89
Lithuania,LTU,2014,80
Lithuania,LTU,2015,91
Lithuania,LTU,2016,98
Lithuania,LTU,2017,98
Lithuania,LTU,2018,99
Lithuania,LTU,2019,99.99
Lithuania,LTU,2020,99.99
Lithuania,LTU,2021,99.99
Lithuania,LTU,2022,99.99
Lithuania,LTU,2023,99.99
Luxembourg,LUX,2012,90
Luxembourg,LUX,2013,90
Luxembourg,LUX,2014,93
Luxembourg,LUX,2015,96
Luxembourg,LUX,2016,95
Luxembourg,LUX,2017,96
Luxembourg,LUX,2018,97
Luxembourg,LUX,2019,98
Luxembourg,LUX,2020,98
Luxembourg,LUX,2021,99
Luxembourg,LUX,2022,100
Luxembourg,LUX,2023,100
Macao,MAC,2014,95
Macao,MAC,2015,99
Macao,MAC,2016,99
Macao,MAC,2017,99
Macao,MAC,2019,99
Macao,MAC,2020,99
Macao,MAC,2021,99.7
Macao,MAC,2022,99.8
Macao,MAC,2023,99.8
Madagascar,MDG,2015,21
Madagascar,MDG,2016,23.08
Madagascar,MDG,2017,25.01
Madagascar,MDG,2018,25
Madagascar,MDG,2019,25
Madagascar,MDG,2020,25
Madagascar,MDG,2021,27.11
Madagascar,MDG,2022,27.32
Madagascar,MDG,2023,33.64
Malawi,MWI,2014,0
Malawi,MWI,2015,6
Malawi,MWI,2016,15.8
Malawi,MWI,2017,30
Malawi,MWI,2018,30
Malawi,MWI,2019,50
Malawi,MWI,2020,64.57
Malawi,MWI,2021,68.6
Malawi,MWI,2022,70.2
Malawi,MWI,2023,74.91
Malaysia,MYS,2013,15
Malaysia,MYS,2014,33
Malaysia,MYS,2015,71
Malaysia,MYS,2016,88
Malaysia,MYS,2017,77.2
Malaysia,MYS,2018,79.7
Malaysia,MYS,2019,82.2
Malaysia,MYS,2020,93.5
Malaysia,MYS,2021,95.4
Malaysia,MYS,2022,96.9
Malaysia,MYS,2023,97.1
Maldives,MDV,2013,11.4
Maldives,MDV,2014,44
Maldives,MDV,2015,58
Maldives,MDV,2016,80
Maldives,MDV,2017,100
Maldives,MDV,2018,100
Maldives,MDV,2019,100
Maldives,MDV,2020,100
Maldives,MDV,2021,100
Maldives,MDV,2022,100
Maldives,MDV,2023,100
Mali,MLI,2014,0
Mali,MLI,2015,0
Mali,MLI,2016,0
Mali,MLI,2017,0
Mali,MLI,2018,28
Mali,MLI,2019,34
Mali,MLI,2020,45
Mali,MLI,2021,47
Mali,MLI,2022,53
Mali,MLI,2023,81
Malta,MLT,2013,30
Malta,MLT,2014,62
Malta,MLT,2015,100
Malta,MLT,2016,100
Malta,MLT,2017,100
Malta,MLT,2018,100
Malta,MLT,2019,100
Malta,MLT,2020,100
Malta,MLT,2021,100
Malta,MLT,2022,100
Malta,MLT,2023,100
Mauritania,MRT,2014,0
Mauritania,MRT,2015,0
Mauritania,MRT,2016,0
Mauritania,MRT,2017,0
Mauritania,MRT,2018,0
Mauritania,MRT,2019,0
Mauritania,MRT,2020,0
Mauritania,MRT,2021,34.7
Mauritania,MRT,2022,34.7
Mauritius,MUS,2012,16.25
Mauritius,MUS,2013,34.09
Mauritius,MUS,2014,60
Mauritius,MUS,2015,35.3
Mauritius,MUS,2016,36.7
Mauritius,MUS,2017,99
Mauritius,MUS,2018,99
Mauritius,MUS,2019,99
Mauritius,MUS,2020,99
Mauritius,MUS,2021,99
Mauritius,MUS,2022,99
Mauritius,MUS,2023,99
Mexico,MEX,2012,9.66
Mexico,MEX,2013,18.43
Mexico,MEX,2014,30
Mexico,MEX,2015,58
Mexico,MEX,2016,58
Mexico,MEX,2018,88.2
Mexico,MEX,2019,90.04
Mexico,MEX,2020,93.47
Mexico,MEX,2021,94.96
Mexico,MEX,2022,95.32
Mexico,MEX,2023,96.94
Micronesia (country),FSM,2015,0
Micronesia (country),FSM,2016,0
Micronesia (country),FSM,2017,0
Micronesia (country),FSM,2021,0
Micronesia (country),FSM,2022,30
Moldova,MDA,2012,22.87
Moldova,MDA,2013,28.67
Moldova,MDA,2014,33
Moldova,MDA,2015,84
Moldova,MDA,2016,97
Moldova,MDA,2017,97
Moldova,MDA,2018,97
Moldova,MDA,2019,98
Moldova,MDA,2020,99
Moldova,MDA,2021,99
Moldova,MDA,2022,99.2
Moldova,MDA,2023,99.3
Monaco,MCO,2013,24.2
Monaco,MCO,2014,45
Monaco,MCO,2015,100
Monaco,MCO,2016,97
Monaco,MCO,2017,100
Monaco,MCO,2018,100
Monaco,MCO,2019,100
Monaco,MCO,2020,100
Monaco,MCO,2021,100
Monaco,MCO,2022,100
Monaco,MCO,2023,100
Mongolia,MNG,2016,6.9
Mongolia,MNG,2017,21
Mongolia,MNG,2018,45
Mongolia,MNG,2019,59
Mongolia,MNG,2020,73
Mongolia,MNG,2021,99
Mongolia,MNG,2022,99
Mongolia,MNG,2023,99
Montenegro,MNE,2012,10
Montenegro,MNE,2013,38
Montenegro,MNE,2014,62
Montenegro,MNE,2015,65
Montenegro,MNE,2016,85
Montenegro,MNE,2017,98
Montenegro,MNE,2018,97.62
Montenegro,MNE,2019,97.65
Montenegro,MNE,2020,97.52
Montenegro,MNE,2021,97.83
Montenegro,MNE,2022,97.87
Montenegro,MNE,2023,97.97
Morocco,MAR,2014,0
Morocco,MAR,2015,45.44
Morocco,MAR,2016,68
Morocco,MAR,2017,93
Morocco,MAR,2018,96
Morocco,MAR,2019,98.75
Morocco,MAR,2020,98.75
Morocco,MAR,2021,99.05
Morocco,MAR,2022,99.4
Morocco,MAR,2023,99.7
Mozambique,MOZ,2015,0
Mozambique,MOZ,2016,0
Mozambique,MOZ,2017,0
Mozambique,MOZ,2018,33
Mozambique,MOZ,2019,40
Mozambique,MOZ,2020,50
Mozambique,MOZ,2021,50
Mozambique,MOZ,2022,60
Myanmar,MMR,2014,0
Myanmar,MMR,2015,0
Myanmar,MMR,2016,9.19
Myanmar,MMR,2017,29.52
Myanmar,MMR,2018,75
Myanmar,MMR,2019,88.89
Myanmar,MMR,2020,93.85
Myanmar,MMR,2021,94.31
Myanmar,MMR,2022,94.34
Myanmar,MMR,2023,94.44
Namibia,NAM,2015,37
Namibia,NAM,2016,39
Namibia,NAM,2017,39
Namibia,NAM,2018,39
Namibia,NAM,2019,39
Namibia,NAM,2020,39
Namibia,NAM,2021,79
Namibia,NAM,2022,79
Namibia,NAM,2023,85
Nauru,NRU,2014,0
Nauru,NRU,2015,0
Nauru,NRU,2016,30
Nauru,NRU,2017,30
Nauru,NRU,2019,30
Nauru,NRU,2020,30
Nauru,NRU,2021,30
Nauru,NRU,2022,90
Nepal,NPL,2014,0
Nepal,NPL,2015,0
Nepal,NPL,2016,15.47
Nepal,NPL,2017,15.47
Nepal,NPL,2019,30
Nepal,NPL,2020,45
Nepal,NPL,2021,45
Nepal,NPL,2022,53.28
Netherlands,NLD,2012,29.28
Netherlands,NLD,2013,80
Netherlands,NLD,2014,99
Netherlands,NLD,2015,99
Netherlands,NLD,2016,99
Netherlands,NLD,2017,99
Netherlands,NLD,2018,99
Netherlands,NLD,2019,99
Netherlands,NLD,2020,99
Netherlands,NLD,2021,99
Netherlands,NLD,2022,99
Netherlands,NLD,2023,99
New Caledonia,NCL,2014,0
New Caledonia,NCL,2015,79.5
New Caledonia,NCL,2019,79.5
New Caledonia,NCL,2020,79.5
New Caledonia,NCL,2021,79.5
New Caledonia,NCL,2022,79.5
New Zealand,NZL,2014,50
New Zealand,NZL,2015,88
New Zealand,NZL,2016,90
New Zealand,NZL,2017,94
New Zealand,NZL,2018,97
New Zealand,NZL,2019,97.33
New Zealand,NZL,2020,97.5
New Zealand,NZL,2021,97.5
New Zealand,NZL,2022,97.54
New Zealand,NZL,2023,97.7
Nicaragua,NIC,2015,4
Nicaragua,NIC,2016,40
Nicaragua,NIC,2017,42
Nicaragua,NIC,2018,42
Nicaragua,NIC,2019,42
Nicaragua,NIC,2020,50
Nicaragua,NIC,2021,68.7
Nicaragua,NIC,2022,72.91
Nicaragua,NIC,2023,78.5
Niger,NER,2014,0
Niger,NER,2015,0
Niger,NER,2016,0
Niger,NER,2017,0
Niger,NER,2019,10
Niger,NER,2020,15
Niger,NER,2021,15
Niger,NER,2022,17.5
Nigeria,NGA,2013,8.64
Nigeria,NGA,2018,22.34
Nigeria,NGA,2019,37.8
Nigeria,NGA,2020,40.53
Nigeria,NGA,2021,61.94
Nigeria,NGA,2022,80.86
Nigeria,NGA,2023,84.19
Niue,NIU,2019,20
Niue,NIU,2020,40
Niue,NIU,2021,60
Niue,NIU,2022,70
Niue,NIU,2023,90
North Korea,PRK,2015,0
North Korea,PRK,2016,0
North Korea,PRK,2017,0
North Korea,PRK,2021,0
North Korea,PRK,2022,0
North Macedonia,MKD,2013,25
North Macedonia,MKD,2014,45
North Macedonia,MKD,2015,71.03
North Macedonia,MKD,2016,91.5
North Macedonia,MKD,2017,96
North Macedonia,MKD,2018,99.53
North Macedonia,MKD,2019,99.53
North Macedonia,MKD,2020,99.58
North Macedonia,MKD,2021,99.58
North Macedonia,MKD,2022,99.58
North Macedonia,MKD,2023,99.85
Northern Africa and Western Asia (UN SDG),,2015,17.08
Northern Africa and Western Asia (UN SDG),,2016,37.36
Northern Africa and Western Asia (UN SDG),,2017,57.23
Northern Africa and Western Asia (UN SDG),,2018,67.28
Northern Africa and Western Asia (UN SDG),,2019,70.14
Northern Africa and Western Asia (UN SDG),,2020,79.45
Northern Africa and Western Asia (UN SDG),,2021,81.14
Northern Africa and Western Asia (UN SDG),,2022,87.1
Northern Africa and Western Asia (UN SDG),,2023,90.21
Northern Africa and Western Asia (UN SDG),,2024,91.18
Northern America (UN),,2015,99.38
Northern America (UN),,2016,99.47
Northern America (UN),,2017,99.71
Northern America (UN),,2018,99.84
Northern America (UN),,2019,99.86
Northern America (UN),,2020,99.86
Northern America (UN),,2021,99.85
Northern America (UN),,2022,99.5
Northern America (UN),,2023,99.59
Northern America (UN),,2024,99.59
Northern Mariana Islands,MNP,2014,10
Northern Mariana Islands,MNP,2021,10
Northern Mariana Islands,MNP,2022,10
Norway,NOR,2012,54.92
Norway,NOR,2013,68.95
Norway,NOR,2014,85
Norway,NOR,2015,99
Norway,NOR,2016,99.2
Norway,NOR,2017,99.8
Norway,NOR,2018,99.9
Norway,NOR,2019,99.9
Norway,NOR,2020,99.9
Norway,NOR,2021,99.9
Norway,NOR,2022,99.9
Oceania (UN SDG),,2015,31.54
Oceania (UN SDG),,2016,33.38
Oceania (UN SDG),,2017,45.98
Oceania (UN SDG),,2018,50.93
Oceania (UN SDG),,2019,51.99
Oceania (UN SDG),,2020,52.27
Oceania (UN SDG),,2021,52.37
Oceania (UN SDG),,2022,58.89
Oceania (UN SDG),,2023,63.32
Oceania (UN SDG),,2024,65.49
Oceania (UN),,2015,74.87
Oceania (UN),,2016,77.96
Oceania (UN),,2017,82.68
Oceania (UN),,2018,84.74
Oceania (UN),,2019,85.04
Oceania (UN),,2020,85.06
Oceania (UN),,2021,85
Oceania (UN),,2022,86.94
Oceania (UN),,2023,88.33
Oceania (UN),,2024,88.94
Oman,OMN,2012,16.9
Oman,OMN,2013,52
Oman,OMN,2014,76
Oman,OMN,2015,86
Oman,OMN,2016,88.77
Oman,OMN,2017,92.1
Oman,OMN,2018,96.05
Oman,OMN,2019,96.3
Oman,OMN,2020,97.6
Oman,OMN,2021,99
Oman,OMN,2022,99
Oman,OMN,2023,99
Pakistan,PAK,2012,0
Pakistan,PAK,2013,0
Pakistan,PAK,2014,7
Pakistan,PAK,2015,16
Pakistan,PAK,2016,27
Pakistan,PAK,2017,67
Pakistan,PAK,2018,68.6
Pakistan,PAK,2019,68.73
Pakistan,PAK,2020,68.82
Pakistan,PAK,2021,75.4
Pakistan,PAK,2022,76.4
Pakistan,PAK,2023,81
Palestine,PSE,2015,0
Palestine,PSE,2016,0
Palestine,PSE,2018,0
Palestine,PSE,2019,0
Palestine,PSE,2020,0
Palestine,PSE,2021,0
Palestine,PSE,2022,0
Palestine,PSE,2023,0
Panama,PAN,2014,0
Panama,PAN,2015,10
Panama,PAN,2016,11
Panama,PAN,2017,33
Panama,PAN,2018,33
Panama,PAN,2019,59
Panama,PAN,2020,65
Panama,PAN,2021,84
Panama,PAN,2022,84
Panama,PAN,2023,85
Papua New Guinea,PNG,2014,7
Papua New Guinea,PNG,2015,35
Papua New Guinea,PNG,2016,35
Papua New Guinea,PNG,2017,50
Papua New Guinea,PNG,2019,50
Papua New Guinea,PNG,2020,50
Papua New Guinea,PNG,2021,50
Papua New Guinea,PNG,2022,55.91
Papua New Guinea,PNG,2023,70
Paraguay,PRY,2012,10
Paraguay,PRY,2013,20.74
Paraguay,PRY,2014,40
Paraguay,PRY,2015,40
Paraguay,PRY,2016,40
Paraguay,PRY,2017,58.09
Paraguay,PRY,2018,80.8
Paraguay,PRY,2019,96.6
Paraguay,PRY,2020,93.14
Paraguay,PRY,2021,93.5
Paraguay,PRY,2022,97.62
Paraguay,PRY,2023,96.9
Peru,PER,2014,35
Peru,PER,2015,44
Peru,PER,2016,44.02
Peru,PER,2017,52.24
Peru,PER,2018,79.2
Peru,PER,2019,79.01
Peru,PER,2020,78.07
Peru,PER,2021,81.26
Peru,PER,2022,81.24
Peru,PER,2023,81.12
Philippines,PHL,2012,6
Philippines,PHL,2013,27
Philippines,PHL,2014,48
Philippines,PHL,2015,39
Philippines,PHL,2016,80
Philippines,PHL,2017,80
Philippines,PHL,2018,80
Philippines,PHL,2019,80
Philippines,PHL,2020,80
Philippines,PHL,2021,80
Philippines,PHL,2022,80
Philippines,PHL,2023,95.54
Poland,POL,2012,50
Poland,POL,2013,66.7
Poland,POL,2014,80
Poland,POL,2015,100
Poland,POL,2016,100
Poland,POL,2017,100
Poland,POL,2018,100
Poland,POL,2019,100
Poland,POL,2020,100
Poland,POL,2021,100
Poland,POL,2022,100
Poland,POL,2023,100
Portugal,PRT,2012,90
Portugal,PRT,2013,93
Portugal,PRT,2014,95
Portugal,PRT,2015,94.3
Portugal,PRT,2016,98.8
Portugal,PRT,2017,98.9
Portugal,PRT,2018,99.2
Portugal,PRT,2019,99.7
Portugal,PRT,2020,99.9
Portugal,PRT,2021,99.8
Portugal,PRT,2022,100
Portugal,PRT,2023,100
Puerto Rico,PRI,2015,75
Puerto Rico,PRI,2016,90
Puerto Rico,PRI,2020,90
Puerto Rico,PRI,2021,90
Puerto Rico,PRI,2022,90
Puerto Rico,PRI,2023,90
Qatar,QAT,2014,58
Qatar,QAT,2015,95
Qatar,QAT,2016,99.04
Qatar,QAT,2017,99.5
Qatar,QAT,2018,99.5
Qatar,QAT,2019,99.5
Qatar,QAT,2020,99.8
Qatar,QAT,2021,99.8
Qatar,QAT,2022,99.8
Qatar,QAT,2023,99.9
Romania,ROU,2012,54
Romania,ROU,2013,59
Romania,ROU,2014,55.8
Romania,ROU,2015,66.1
Romania,ROU,2016,75.2
Romania,ROU,2017,88.54
Romania,ROU,2018,92.56
Romania,ROU,2019,98.13
Romania,ROU,2020,98.22
Romania,ROU,2021,98.63
Romania,ROU,2022,98.75
Romania,ROU,2023,98.93
Russia,RUS,2012,25
Russia,RUS,2013,35.9
Russia,RUS,2014,50
Russia,RUS,2015,50
Russia,RUS,2016,59
Russia,RUS,2017,62
Russia,RUS,2018,70
Russia,RUS,2019,87.7
Russia,RUS,2020,88.6
Russia,RUS,2021,89.75
Russia,RUS,2022,92.6
Russia,RUS,2023,93.1
Rwanda,RWA,2014,8
Rwanda,RWA,2015,20
Rwanda,RWA,2016,62
Rwanda,RWA,2017,89
Rwanda,RWA,2018,96.6
Rwanda,RWA,2019,98.9
Rwanda,RWA,2020,98.07
Rwanda,RWA,2021,98.07
Rwanda,RWA,2022,98.76
Rwanda,RWA,2023,98.76
Saint Helena,SHN,2015,90
Saint Helena,SHN,2016,97
Saint Helena,SHN,2017,97
Saint Helena,SHN,2019,97
Saint Helena,SHN,2020,97
Saint Helena,SHN,2021,97
Saint Helena,SHN,2022,97
Saint Kitts and Nevis,KNA,2014,0
Saint Kitts and Nevis,KNA,2015,0
Saint Kitts and Nevis,KNA,2016,0
Saint Kitts and Nevis,KNA,2017,0
Saint Kitts and Nevis,KNA,2021,100
Saint Kitts and Nevis,KNA,2022,100
Saint Lucia,LCA,2014,0
Saint Lucia,LCA,2015,0
Saint Lucia,LCA,2016,0
Saint Lucia,LCA,2017,0
Saint Lucia,LCA,2019,20
Saint Lucia,LCA,2020,20
Saint Lucia,LCA,2021,96
Saint Lucia,LCA,2022,96
Saint Vincent and the Grenadines,VCT,2015,0
Saint Vincent and the Grenadines,VCT,2016,0
Saint Vincent and the Grenadines,VCT,2017,0
Saint Vincent and the Grenadines,VCT,2018,90
Saint Vincent and the Grenadines,VCT,2019,90
Saint Vincent and the Grenadines,VCT,2020,90
Saint Vincent and the Grenadines,VCT,2021,90
Saint Vincent and the Grenadines,VCT,2022,90
Saint Vincent and the Grenadines,VCT,2023,90
Samoa,WSM,2015,0
Samoa,WSM,2016,37
Samoa,WSM,2017,49
Samoa,WSM,2019,49
Samoa,WSM,2020,49
Samoa,WSM,2021,49
Samoa,WSM,2022,99
San Marino,SMR,2015,10
San Marino,SMR,2016,90
San Marino,SMR,2017,98
San Marino,SMR,2018,98
San Marino,SMR,2019,99
San Marino,SMR,2020,99
San Marino,SMR,2021,99
San Marino,SMR,2022,99
Sao Tome and Principe,STP,2015,0
Sao Tome and Principe,STP,2016,0
Sao Tome and Principe,STP,2017,0
Sao Tome and Principe,STP,2018,0
Sao Tome and Principe,STP,2019,0
Sao Tome and Principe,STP,2020,0
Sao Tome and Principe,STP,2021,0
Sao Tome and Principe,STP,2022,0
Sao Tome and Principe,STP,2023,0
Saudi Arabia,SAU,2012,78
Saudi Arabia,SAU,2013,80
Saudi Arabia,SAU,2014,82
Saudi Arabia,SAU,2015,85
Saudi Arabia,SAU,2016,88
Saudi Arabia,SAU,2017,90
Saudi Arabia,SAU,2018,93.1
Saudi Arabia,SAU,2019,94.2
Saudi Arabia,SAU,2020,98.25
Saudi Arabia,SAU,2021,99.99
Saudi Arabia,SAU,2022,100
Saudi Arabia,SAU,2023,100
Senegal,SEN,2015,0
Senegal,SEN,2016,8.6
Senegal,SEN,2017,36.5
Senegal,SEN,2018,62
Senegal,SEN,2019,66.8
Senegal,SEN,2020,74.7
Senegal,SEN,2021,83.05
Senegal,SEN,2022,95.4
Senegal,SEN,2023,97.5
Serbia,SRB,2014,0
Serbia,SRB,2015,56.74
Serbia,SRB,2016,78.2
Serbia,SRB,2017,94.4
Serbia,SRB,2018,96.7
Serbia,SRB,2019,96.86
Serbia,SRB,2020,98.1
Serbia,SRB,2021,98.64
Serbia,SRB,2022,98.69
Serbia,SRB,2023,98.77
Seychelles,SYC,2014,10
Seychelles,SYC,2015,21.44
Seychelles,SYC,2016,41.14
Seychelles,SYC,2017,90
Seychelles,SYC,2018,98.5
Seychelles,SYC,2019,98.5
Seychelles,SYC,2020,98.5
Seychelles,SYC,2021,98.5
Seychelles,SYC,2022,99
Seychelles,SYC,2023,99
Sierra Leone,SLE,2015,0
Sierra Leone,SLE,2016,0
Sierra Leone,SLE,2017,0
Sierra Leone,SLE,2019,35
Sierra Leone,SLE,2020,40
Sierra Leone,SLE,2021,48.64
Sierra Leone,SLE,2022,53.58
Sierra Leone,SLE,2023,75
Singapore,SGP,2014,99
Singapore,SGP,2015,100
Singapore,SGP,2016,100
Singapore,SGP,2017,100
Singapore,SGP,2018,100
Singapore,SGP,2019,100
Singapore,SGP,2020,100
Singapore,SGP,2021,100
Singapore,SGP,2022,100
Singapore,SGP,2023,100
Sint Maarten (Dutch part),SXM,2015,60
Sint Maarten (Dutch part),SXM,2016,73.63
Sint Maarten (Dutch part),SXM,2021,74
Sint Maarten (Dutch part),SXM,2022,73.63
Slovakia,SVK,2012,11.15
Slovakia,SVK,2013,24
Slovakia,SVK,2014,52
Slovakia,SVK,2015,75
Slovakia,SVK,2016,87
Slovakia,SVK,2017,92
Slovakia,SVK,2018,94
Slovakia,SVK,2019,97
Slovakia,SVK,2020,99
Slovakia,SVK,2021,99
Slovakia,SVK,2022,99
Slovakia,SVK,2023,99
Slovenia,SVN,2012,12.8
Slovenia,SVN,2013,63.4
Slovenia,SVN,2014,89.7
Slovenia,SVN,2015,95.7
Slovenia,SVN,2016,97.4
Slovenia,SVN,2017,98.6
Slovenia,SVN,2018,99.5
Slovenia,SVN,2019,99.7
Slovenia,SVN,2020,99.9
Slovenia,SVN,2021,99.9
Slovenia,SVN,2022,99.8
Slovenia,SVN,2023,99.8
Small Island Developing States (SIDS),,2015,35.1
Small Island Developing States (SIDS),,2016,40.3
Small Island Developing States (SIDS),,2017,51.4
Small Island Developing States (SIDS),,2018,54.8
Small Island Developing States (SIDS),,2019,60.5
Small Island Developing States (SIDS),,2020,64.3
Small Island Developing States (SIDS),,2021,66.8
Small Island Developing States (SIDS),,2022,68.8
Small Island Developing States (SIDS),,2023,70
Small Island Developing States (SIDS),,2024,70.1
Solomon Islands,SLB,2015,11.5
Solomon Islands,SLB,2016,13.3
Solomon Islands,SLB,2017,19
Solomon Islands,SLB,2018,20
Solomon Islands,SLB,2019,25
Solomon Islands,SLB,2020,25
Solomon Islands,SLB,2021,25
Solomon Islands,SLB,2022,29.54
Somalia,SOM,2012,22
Somalia,SOM,2015,0
Somalia,SOM,2016,9
Somalia,SOM,2017,18
Somalia,SOM,2019,25
Somalia,SOM,2020,30
Somalia,SOM,2021,30
Somalia,SOM,2022,30
Somalia,SOM,2023,50
South Africa,ZAF,2012,5
South Africa,ZAF,2013,14.23
South Africa,ZAF,2014,34
South Africa,ZAF,2015,54
South Africa,ZAF,2016,73
South Africa,ZAF,2017,77.62
South Africa,ZAF,2018,90.32
South Africa,ZAF,2019,94.41
South Africa,ZAF,2020,96.45
South Africa,ZAF,2021,97.94
South Africa,ZAF,2022,98.47
South Africa,ZAF,2023,98.95
South Korea,KOR,2014,99
South Korea,KOR,2015,99
South Korea,KOR,2016,99.9
South Korea,KOR,2017,99.9
South Korea,KOR,2018,99.9
South Korea,KOR,2019,99.9
South Korea,KOR,2020,99.9
South Korea,KOR,2021,99.9
South Korea,KOR,2022,99.9
South Korea,KOR,2023,99.9
South Sudan,SSD,2015,10
South Sudan,SSD,2016,10
South Sudan,SSD,2017,10
South Sudan,SSD,2018,10
South Sudan,SSD,2019,15
South Sudan,SSD,2020,15
South Sudan,SSD,2021,15
South Sudan,SSD,2022,15
South Sudan,SSD,2023,15
Spain,ESP,2013,51.27
Spain,ESP,2014,75
Spain,ESP,2015,91.3
Spain,ESP,2016,91.3
Spain,ESP,2017,96.2
Spain,ESP,2018,97.8
Spain,ESP,2019,99.4
Spain,ESP,2020,99.6
Spain,ESP,2021,99.6
Spain,ESP,2022,99.7
Spain,ESP,2023,99.7
Sri Lanka,LKA,2012,5
Sri Lanka,LKA,2013,10.72
Sri Lanka,LKA,2014,25
Sri Lanka,LKA,2015,35
Sri Lanka,LKA,2016,36
Sri Lanka,LKA,2017,48
Sri Lanka,LKA,2018,80
Sri Lanka,LKA,2019,80
Sri Lanka,LKA,2020,96
Sri Lanka,LKA,2021,96
Sri Lanka,LKA,2022,97
Sri Lanka,LKA,2023,97
Sub-Saharan Africa (UN SDG),,2015,11.24
Sub-Saharan Africa (UN SDG),,2016,15.35
Sub-Saharan Africa (UN SDG),,2017,18.46
Sub-Saharan Africa (UN SDG),,2018,24.92
Sub-Saharan Africa (UN SDG),,2019,34.59
Sub-Saharan Africa (UN SDG),,2020,41.02
Sub-Saharan Africa (UN SDG),,2021,48.79
Sub-Saharan Africa (UN SDG),,2022,61.05
Sub-Saharan Africa (UN SDG),,2023,68.82
Sub-Saharan Africa (UN SDG),,2024,70.77
Sudan,SDN,2014,0
Sudan,SDN,2015,0
Sudan,SDN,2016,30
Sudan,SDN,2017,35
Sudan,SDN,2018,35
Sudan,SDN,2019,35
Sudan,SDN,2020,35
Sudan,SDN,2021,35
Sudan,SDN,2022,35
Suriname,SUR,2014,0
Suriname,SUR,2015,0
Suriname,SUR,2016,35
Suriname,SUR,2017,35
Suriname,SUR,2018,75
Suriname,SUR,2019,85
Suriname,SUR,2020,85
Suriname,SUR,2021,87
Suriname,SUR,2022,82
Suriname,SUR,2023,82.59
Sweden,SWE,2012,93.26
Sweden,SWE,2013,99.19
Sweden,SWE,2014,99.45
Sweden,SWE,2015,99.99
Sweden,SWE,2016,100
Sweden,SWE,2017,100
Sweden,SWE,2018,100
Sweden,SWE,2019,100
Sweden,SWE,2020,100
Sweden,SWE,2021,100
Sweden,SWE,2022,100
Sweden,SWE,2023,100
Switzerland,CHE,2012,20
Switzerland,CHE,2013,85
Switzerland,CHE,2014,98
Switzerland,CHE,2015,98
Switzerland,CHE,2016,99
Switzerland,CHE,2017,99
Switzerland,CHE,2018,99
Switzerland,CHE,2019,99.94
Switzerland,CHE,2020,99.95
Switzerland,CHE,2021,100
Switzerland,CHE,2022,100
Switzerland,CHE,2023,100
Syria,SYR,2014,0
Syria,SYR,2015,0
Syria,SYR,2016,0
Syria,SYR,2017,21
Syria,SYR,2018,35
Syria,SYR,2019,35
Syria,SYR,2020,38
Syria,SYR,2021,42
Syria,SYR,2022,75.7
Syria,SYR,2023,76.3
Tajikistan,TJK,2012,8.38
Tajikistan,TJK,2013,17.37
Tajikistan,TJK,2014,35
Tajikistan,TJK,2015,60
Tajikistan,TJK,2016,73.59
Tajikistan,TJK,2017,80
Tajikistan,TJK,2019,80
Tajikistan,TJK,2020,80
Tajikistan,TJK,2021,80
Tajikistan,TJK,2022,80
Tanzania,TZA,2012,5.34
Tanzania,TZA,2013,12.76
Tanzania,TZA,2014,25
Tanzania,TZA,2015,13
Tanzania,TZA,2016,13
Tanzania,TZA,2017,13
Tanzania,TZA,2018,13
Tanzania,TZA,2019,13
Tanzania,TZA,2020,13
Tanzania,TZA,2021,13
Tanzania,TZA,2022,58
Tanzania,TZA,2023,79
Thailand,THA,2014,0
Thailand,THA,2015,21
Thailand,THA,2016,98
Thailand,THA,2017,98
Thailand,THA,2018,98
Thailand,THA,2019,98
Thailand,THA,2020,98.1
Thailand,THA,2021,98.1
Thailand,THA,2022,98.1
Thailand,THA,2023,99
Togo,TGO,2015,0
Togo,TGO,2016,0
Togo,TGO,2017,0
Togo,TGO,2018,35
Togo,TGO,2019,67
Togo,TGO,2020,67
Togo,TGO,2021,83
Togo,TGO,2022,96
Togo,TGO,2023,99.7
Tonga,TON,2014,0
Tonga,TON,2015,0
Tonga,TON,2016,41.14
Tonga,TON,2017,65
Tonga,TON,2019,96
Tonga,TON,2020,96
Tonga,TON,2021,96
Tonga,TON,2022,96
Trinidad and Tobago,TTO,2016,10
Trinidad and Tobago,TTO,2017,75
Trinidad and Tobago,TTO,2018,75
Trinidad and Tobago,TTO,2019,75
Trinidad and Tobago,TTO,2020,75
Trinidad and Tobago,TTO,2021,75
Trinidad and Tobago,TTO,2022,94
Trinidad and Tobago,TTO,2023,94
Tunisia,TUN,2014,0
Tunisia,TUN,2015,0
Tunisia,TUN,2016,73
Tunisia,TUN,2017,87
Tunisia,TUN,2018,96
Tunisia,TUN,2019,94
Tunisia,TUN,2020,95
Tunisia,TUN,2021,95
Tunisia,TUN,2022,95
Tunisia,TUN,2023,96
Turkey,TUR,2014,0
Turkey,TUR,2015,0
Turkey,TUR,2016,82.5
Turkey,TUR,2017,86.52
Turkey,TUR,2018,93.17
Turkey,TUR,2019,96.71
Turkey,TUR,2020,92.24
Turkey,TUR,2021,96.83
Turkey,TUR,2022,99.53
Turkey,TUR,2023,99.72
Turkmenistan,TKM,2013,6
Turkmenistan,TKM,2014,10
Turkmenistan,TKM,2015,25
Turkmenistan,TKM,2016,46.1
Turkmenistan,TKM,2017,67
Turkmenistan,TKM,2019,67
Turkmenistan,TKM,2020,67
Turkmenistan,TKM,2021,67
Turkmenistan,TKM,2022,67
Turks and Caicos Islands,TCA,2015,95
Turks and Caicos Islands,TCA,2019,95
Turks and Caicos Islands,TCA,2020,95
Turks and Caicos Islands,TCA,2021,95
Turks and Caicos Islands,TCA,2022,95
Tuvalu,TUV,2015,0
Tuvalu,TUV,2016,0
Tuvalu,TUV,2017,0
Tuvalu,TUV,2020,20
Tuvalu,TUV,2021,25
Tuvalu,TUV,2022,27
Uganda,UGA,2012,4
Uganda,UGA,2013,7.69
Uganda,UGA,2014,15
Uganda,UGA,2015,10
Uganda,UGA,2016,15
Uganda,UGA,2017,17
Uganda,UGA,2019,40
Uganda,UGA,2020,31
Uganda,UGA,2021,31
Uganda,UGA,2022,31
Uganda,UGA,2023,40
Ukraine,UKR,2014,0
Ukraine,UKR,2015,0
Ukraine,UKR,2016,1.44
Ukraine,UKR,2017,3
Ukraine,UKR,2019,78.1
Ukraine,UKR,2020,87.15
Ukraine,UKR,2021,91.6
Ukraine,UKR,2022,91
Ukraine,UKR,2023,91
United Arab Emirates,ARE,2012,82
United Arab Emirates,ARE,2013,83.5
United Arab Emirates,ARE,2014,85
United Arab Emirates,ARE,2015,95.29
United Arab Emirates,ARE,2016,99.6
United Arab Emirates,ARE,2017,99.64
United Arab Emirates,ARE,2018,99.73
United Arab Emirates,ARE,2019,99.82
United Arab Emirates,ARE,2020,99.82
United Arab Emirates,ARE,2021,99.83
United Arab Emirates,ARE,2022,99.84
United Arab Emirates,ARE,2023,100
United Kingdom,GBR,2012,43
United Kingdom,GBR,2013,70
United Kingdom,GBR,2014,80
United Kingdom,GBR,2015,97.8
United Kingdom,GBR,2016,98.5
United Kingdom,GBR,2017,99.3
United Kingdom,GBR,2018,99.7
United Kingdom,GBR,2019,99.7
United Kingdom,GBR,2020,99.9
United Kingdom,GBR,2021,99.9
United Kingdom,GBR,2022,99.9
United Kingdom,GBR,2023,99.9
United States,USA,2012,89
United States,USA,2013,97
United States,USA,2014,98.5
United States,USA,2015,99.6
United States,USA,2016,99.6
United States,USA,2017,99.8
United States,USA,2018,99.9
United States,USA,2019,99.9
United States,USA,2020,99.9
United States,USA,2021,99.9
United States,USA,2022,99.5
United States,USA,2023,99.6
United States Virgin Islands,VIR,2014,0
United States Virgin Islands,VIR,2015,0
United States Virgin Islands,VIR,2016,71.01
United States Virgin Islands,VIR,2019,71.01
United States Virgin Islands,VIR,2020,71.01
United States Virgin Islands,VIR,2021,71.01
United States Virgin Islands,VIR,2022,71.01
Uruguay,URY,2012,29.08
Uruguay,URY,2013,42.49
Uruguay,URY,2014,45
Uruguay,URY,2015,50
Uruguay,URY,2016,88
Uruguay,URY,2017,88
Uruguay,URY,2018,56.4
Uruguay,URY,2019,82.6
Uruguay,URY,2020,90.2
Uruguay,URY,2021,92.3
Uruguay,URY,2022,93.7
Uruguay,URY,2023,93.9
Uzbekistan,UZB,2014,1
Uzbekistan,UZB,2015,10
Uzbekistan,UZB,2016,16.9
Uzbekistan,UZB,2017,43
Uzbekistan,UZB,2018,44
Uzbekistan,UZB,2019,47.7
Uzbekistan,UZB,2020,65.9
Uzbekistan,UZB,2021,75
Uzbekistan,UZB,2022,85
Uzbekistan,UZB,2023,92
Vanuatu,VUT,2015,18
Vanuatu,VUT,2016,25
Vanuatu,VUT,2017,33
Vanuatu,VUT,2018,33
Vanuatu,VUT,2019,50
Vanuatu,VUT,2020,70
Vanuatu,VUT,2021,70
Vanuatu,VUT,2022,70
Vanuatu,VUT,2023,90
Venezuela,VEN,2013,12
Venezuela,VEN,2014,25
Venezuela,VEN,2015,45
Venezuela,VEN,2016,67.79
Venezuela,VEN,2017,82
Venezuela,VEN,2018,64
Venezuela,VEN,2019,65
Venezuela,VEN,2020,65
Venezuela,VEN,2021,65
Venezuela,VEN,2022,65
Venezuela,VEN,2023,70
Vietnam,VNM,2014,0
Vietnam,VNM,2015,0
Vietnam,VNM,2016,5
Vietnam,VNM,2017,95
Vietnam,VNM,2018,93.89
Vietnam,VNM,2019,97
Vietnam,VNM,2020,99.5
Vietnam,VNM,2021,99.7
Vietnam,VNM,2022,99.85
Vietnam,VNM,2023,99.85
Wallis and Futuna,WLF,2015,10
Wallis and Futuna,WLF,2021,10
Wallis and Futuna,WLF,2022,85
Wallis and Futuna,WLF,2023,85
World,OWID_WRL,2015,43.5
World,OWID_WRL,2016,63.8
World,OWID_WRL,2017,74.5
World,OWID_WRL,2018,79.3
World,OWID_WRL,2019,82.9
World,OWID_WRL,2020,85.3
World,OWID_WRL,2021,86.8
World,OWID_WRL,2022,89.3
World,OWID_WRL,2023,91.4
World,OWID_WRL,2024,91.8
Yemen,YEM,2015,0
Yemen,YEM,2016,0
Yemen,YEM,2017,0
Yemen,YEM,2021,0
Yemen,YEM,2022,45
Yemen,YEM,2023,56.7
Zambia,ZMB,2014,0.46
Zambia,ZMB,2015,1.34
Zambia,ZMB,2016,5.77
Zambia,ZMB,2017,43.41
Zambia,ZMB,2018,43.41
Zambia,ZMB,2019,49.1
Zambia,ZMB,2020,57.4
Zambia,ZMB,2021,91.2
Zambia,ZMB,2022,91.2
Zambia,ZMB,2023,91.2
Zimbabwe,ZWE,2014,2
Zimbabwe,ZWE,2015,11
Zimbabwe,ZWE,2016,22.64
Zimbabwe,ZWE,2017,34.72
Zimbabwe,ZWE,2018,35
Zimbabwe,ZWE,2019,35
Zimbabwe,ZWE,2020,35
Zimbabwe,ZWE,2021,39.12
Zimbabwe,ZWE,2022,40.06
Zimbabwe,ZWE,2023,44.7